COUP_DA527986,2021-07-19,UNCLAIMED
COUP_E0AD00BD,2021-07-19,UNCLAIMED
COUP_A9208993,2021-07-19,UNCLAIMED
COUP_0B2684F8,2021-07-19,UNCLAIMED
COUP_1A43AAA4,2021-07-19,UNCLAIMED
COUP_7FB554AF,2021-07-19,UNCLAIMED
COUP_7B3F8E6C,2021-07-19,UNCLAIMED
COUP_DFF55B29,2021-07-19,UNCLAIMED
COUP_8015B0DA,2021-07-19,UNCLAIMED
COUP_45D814E1,2021-07-19,UNCLAIMED
COUP_7C2AA8DC,2021-07-19,UNCLAIMED
COUP_0456717C,2021-07-19,UNCLAIMED
COUP_8F8599EA,2021-07-19,UNCLAIMED
COUP_FE71404E,2021-07-19,UNCLAIMED
COUP_23C1AE1B,2021-07-19,UNCLAIMED
COUP_FA74AEED,2021-07-19,UNCLAIMED
COUP_9723B81D,2021-07-19,UNCLAIMED
COUP_23B79A0F,2021-07-19,UNCLAIMED
COUP_66C4663F,2021-07-19,UNCLAIMED
COUP_D157B780,2021-07-19,UNCLAIMED
COUP_9CE1A3F8,2021-07-19,UNCLAIMED
COUP_A0FFDD77,2021-07-19,UNCLAIMED
COUP_B4701555,2021-07-19,UNCLAIMED
COUP_81D5E76D,2021-07-19,UNCLAIMED
COUP_A12FCACD,2021-07-19,UNCLAIMED
COUP_B1820265,2021-07-19,UNCLAIMED
COUP_BA1593C9,2021-07-19,UNCLAIMED
COUP_34195F4D,2021-07-19,UNCLAIMED
COUP_050C92BF,2021-07-19,UNCLAIMED
COUP_83D29263,2021-07-19,UNCLAIMED
COUP_DD29F7BF,2021-07-19,UNCLAIMED
COUP_270A2224,2021-07-19,UNCLAIMED
COUP_49A706DE,2021-07-19,UNCLAIMED
COUP_5E820C3F,2021-07-19,UNCLAIMED
COUP_2A93CB21,2021-07-19,UNCLAIMED
COUP_0B2F401E,2021-07-19,UNCLAIMED
COUP_D2771B62,2021-07-19,UNCLAIMED
COUP_5E9458C6,2021-07-19,UNCLAIMED
COUP_D036D734,2021-07-19,UNCLAIMED
COUP_82D914A6,2021-07-19,UNCLAIMED
COUP_CCED7C1F,2021-07-19,UNCLAIMED
COUP_8CC25146,2021-07-19,UNCLAIMED
COUP_14007AC6,2021-07-19,UNCLAIMED
COUP_21A691E8,2021-07-19,UNCLAIMED
COUP_E31CED50,2021-07-19,UNCLAIMED
COUP_F2B75019,2021-07-19,UNCLAIMED
COUP_21F69413,2021-07-19,UNCLAIMED
COUP_B5B79D41,2021-07-19,UNCLAIMED
COUP_E8FF3CB4,2021-07-19,UNCLAIMED
COUP_8DBCD8FB,2021-07-19,UNCLAIMED
COUP_F90AF83C,2021-07-19,UNCLAIMED
COUP_DD1E7CDE,2021-07-19,UNCLAIMED
COUP_4637C19E,2021-07-19,UNCLAIMED
COUP_78864A8F,2021-07-19,UNCLAIMED
COUP_34B57C8B,2021-07-19,UNCLAIMED
COUP_EA625292,2021-07-19,UNCLAIMED
COUP_78756D68,2021-07-19,UNCLAIMED
COUP_6A0EA5BD,2021-07-19,UNCLAIMED
COUP_6F968EDF,2021-07-19,UNCLAIMED
COUP_E324A9C0,2021-07-19,UNCLAIMED
COUP_ACD66C28,2021-07-19,UNCLAIMED
COUP_B3BA5F52,2021-07-19,UNCLAIMED
COUP_81A45D83,2021-07-19,UNCLAIMED
COUP_F43C12C4,2021-07-19,UNCLAIMED
COUP_18EF54F0,2021-07-19,UNCLAIMED
COUP_3D2F46B5,2021-07-19,UNCLAIMED
COUP_EAA490E3,2021-07-19,UNCLAIMED
COUP_0ED5D101,2021-07-19,UNCLAIMED
COUP_6E57EA5B,2021-07-19,UNCLAIMED
COUP_98947946,2021-07-19,UNCLAIMED
COUP_4FF4921B,2021-07-19,UNCLAIMED
COUP_82709500,2021-07-19,UNCLAIMED
COUP_7DDF6BF6,2021-07-19,UNCLAIMED
COUP_2E2C67A2,2021-07-19,UNCLAIMED
COUP_12E2661B,2021-07-19,UNCLAIMED
COUP_4FC24BCB,2021-07-19,UNCLAIMED
COUP_E1CA74C4,2021-07-19,UNCLAIMED
COUP_AA7AE8E8,2021-07-19,UNCLAIMED
COUP_AB181372,2021-07-19,UNCLAIMED
COUP_A0DAF855,2021-07-19,UNCLAIMED
COUP_50BC6E2E,2021-07-19,UNCLAIMED
COUP_4E696005,2021-07-19,UNCLAIMED
COUP_9EDB9CAA,2021-07-19,UNCLAIMED
COUP_4B16A32F,2021-07-19,UNCLAIMED
COUP_0D2E8DF7,2021-07-19,UNCLAIMED
COUP_7D1AF110,2021-07-19,UNCLAIMED
COUP_A9258850,2021-07-19,UNCLAIMED
COUP_7FB05400,2021-07-19,UNCLAIMED
COUP_BF9668AF,2021-07-19,UNCLAIMED
COUP_E762C3C6,2021-07-19,UNCLAIMED
COUP_DBCFF958,2021-07-19,UNCLAIMED
COUP_D80820B8,2021-07-19,UNCLAIMED
COUP_EB9E11C0,2021-07-19,UNCLAIMED
COUP_010E5A31,2021-07-19,UNCLAIMED
COUP_52605746,2021-07-19,UNCLAIMED
COUP_BAEE4785,2021-07-19,UNCLAIMED
COUP_1B0FCBA3,2021-07-19,UNCLAIMED
COUP_0075F334,2021-07-19,UNCLAIMED
COUP_582D8715,2021-07-19,UNCLAIMED
COUP_B0855DD2,2021-07-19,UNCLAIMED
COUP_CB5747CB,2021-07-19,UNCLAIMED
COUP_85050044,2021-07-19,UNCLAIMED
COUP_BAE4B3C9,2021-07-19,UNCLAIMED
COUP_9A8D8AD7,2021-07-19,UNCLAIMED
COUP_24BA78B7,2021-07-19,UNCLAIMED
COUP_25ACAA56,2021-07-19,UNCLAIMED
COUP_60AEA6F5,2021-07-19,UNCLAIMED
COUP_EF2AD50E,2021-07-19,UNCLAIMED
COUP_84ABF0E8,2021-07-19,UNCLAIMED
COUP_94726465,2021-07-19,UNCLAIMED
COUP_1F77B023,2021-07-19,UNCLAIMED
COUP_04787E24,2021-07-19,UNCLAIMED
COUP_EED8D479,2021-07-19,UNCLAIMED
COUP_B88C9216,2021-07-19,UNCLAIMED
COUP_411C1FE3,2021-07-19,UNCLAIMED
COUP_337B7066,2021-07-19,UNCLAIMED
COUP_8AD45865,2021-07-19,UNCLAIMED
COUP_1CBF3B1D,2021-07-19,UNCLAIMED
COUP_167B4CF4,2021-07-19,UNCLAIMED
COUP_1945B99F,2021-07-19,UNCLAIMED
COUP_6E82D4E9,2021-07-19,UNCLAIMED
COUP_53EACF54,2021-07-19,UNCLAIMED
COUP_79B32FA6,2021-07-19,UNCLAIMED
COUP_855D1A1B,2021-07-19,UNCLAIMED
COUP_17A66409,2021-07-19,UNCLAIMED
COUP_81FEFD0B,2021-07-19,UNCLAIMED
COUP_260688BD,2021-07-19,UNCLAIMED
COUP_B4B69E0B,2021-07-19,UNCLAIMED
COUP_212F1350,2021-07-19,UNCLAIMED
COUP_0BC3934D,2021-07-19,UNCLAIMED
COUP_5A2F9A17,2021-07-19,UNCLAIMED
COUP_50D94CF2,2021-07-19,UNCLAIMED
COUP_F330A3D6,2021-07-19,UNCLAIMED
COUP_8C297803,2021-07-19,UNCLAIMED
COUP_50217001,2021-07-19,UNCLAIMED
COUP_4AF9E429,2021-07-19,UNCLAIMED
COUP_669FDA84,2021-07-19,UNCLAIMED
COUP_9215AB4A,2021-07-19,UNCLAIMED
COUP_B379B955,2021-07-19,UNCLAIMED
COUP_1321A415,2021-07-19,UNCLAIMED
COUP_983961A3,2021-07-19,UNCLAIMED
COUP_55D85D7E,2021-07-19,UNCLAIMED
COUP_66252EE3,2021-07-19,UNCLAIMED
COUP_DBB22D04,2021-07-19,UNCLAIMED
COUP_703437C7,2021-07-19,UNCLAIMED
COUP_89C21157,2021-07-19,UNCLAIMED
COUP_90F88D9C,2021-07-19,UNCLAIMED
COUP_91D86AF4,2021-07-19,UNCLAIMED
COUP_B6A1B1F1,2021-07-19,UNCLAIMED
COUP_A588D2C2,2021-07-19,UNCLAIMED
COUP_34401E64,2021-07-19,UNCLAIMED
COUP_F3C091CC,2021-07-19,UNCLAIMED
COUP_E69D0A81,2021-07-19,UNCLAIMED
COUP_906F7A9D,2021-07-19,UNCLAIMED
COUP_2A87CDBA,2021-07-19,UNCLAIMED
COUP_B59D2C47,2021-07-19,UNCLAIMED
COUP_54AC835B,2021-07-19,UNCLAIMED
COUP_5A610285,2021-07-19,UNCLAIMED
COUP_D61DD5D7,2021-07-19,UNCLAIMED
COUP_F6D334A4,2021-07-19,UNCLAIMED
COUP_A6F614B7,2021-07-19,UNCLAIMED
COUP_C871E9C6,2021-07-19,UNCLAIMED
COUP_8011F62B,2021-07-19,UNCLAIMED
COUP_60DD4478,2021-07-19,UNCLAIMED
COUP_1029AE9F,2021-07-19,UNCLAIMED
COUP_D579AA9B,2021-07-19,UNCLAIMED
COUP_C5B33BB6,2021-07-19,UNCLAIMED
COUP_29B7CF34,2021-07-19,UNCLAIMED
COUP_384309CF,2021-07-19,UNCLAIMED
COUP_EBB63D56,2021-07-19,UNCLAIMED
COUP_4FCE5A31,2021-07-19,UNCLAIMED
COUP_DBE86F31,2021-07-19,UNCLAIMED
COUP_40850753,2021-07-19,UNCLAIMED
COUP_88ABADC1,2021-07-19,UNCLAIMED
COUP_752E93E4,2021-07-19,UNCLAIMED
COUP_3672433D,2021-07-19,UNCLAIMED
COUP_DA50A0E9,2021-07-19,UNCLAIMED
COUP_30B1BF89,2021-07-19,UNCLAIMED
COUP_582332CA,2021-07-19,UNCLAIMED
COUP_AF4958EC,2021-07-19,UNCLAIMED
COUP_FAB96A59,2021-07-19,UNCLAIMED
COUP_13E1A283,2021-07-19,UNCLAIMED
COUP_850B90DE,2021-07-19,UNCLAIMED
COUP_23172B22,2021-07-19,UNCLAIMED
COUP_4EF9A1B8,2021-07-19,UNCLAIMED
COUP_8A55B788,2021-07-19,UNCLAIMED
COUP_162BB00A,2021-07-19,UNCLAIMED
COUP_05622DB4,2021-07-19,UNCLAIMED
COUP_3827CFBE,2021-07-19,UNCLAIMED
COUP_99ED64A5,2021-07-19,UNCLAIMED
COUP_E74B6344,2021-07-19,UNCLAIMED
COUP_F46A69C9,2021-07-19,UNCLAIMED
COUP_BECFF746,2021-07-19,UNCLAIMED
COUP_0C06F8D7,2021-07-19,UNCLAIMED
COUP_71E2074C,2021-07-19,UNCLAIMED
COUP_EC4D2A8A,2021-07-19,UNCLAIMED
COUP_A15258C1,2021-07-19,UNCLAIMED
COUP_35E1A277,2021-07-19,UNCLAIMED
COUP_80D0CA61,2021-07-19,UNCLAIMED
COUP_7541B9E7,2021-07-19,UNCLAIMED
COUP_5A29BEF6,2021-07-19,UNCLAIMED
COUP_7A997235,2021-07-19,UNCLAIMED
COUP_08ED8521,2021-07-19,UNCLAIMED
COUP_11012C70,2021-07-19,UNCLAIMED
COUP_BD7B6215,2021-07-19,UNCLAIMED
COUP_B9EF6FD1,2021-07-19,UNCLAIMED
COUP_19E0233C,2021-07-19,UNCLAIMED
COUP_DBAB3EAC,2021-07-19,UNCLAIMED
COUP_97925780,2021-07-19,UNCLAIMED
COUP_534FBFB1,2021-07-19,UNCLAIMED
COUP_09149B65,2021-07-19,UNCLAIMED
COUP_CCBA408D,2021-07-19,UNCLAIMED
COUP_88289223,2021-07-19,UNCLAIMED
COUP_20C7D4C4,2021-07-19,UNCLAIMED
COUP_AEC378F3,2021-07-19,UNCLAIMED
COUP_44D81354,2021-07-19,UNCLAIMED
COUP_309F72A5,2021-07-19,UNCLAIMED
COUP_D1DEB8C9,2021-07-19,UNCLAIMED
COUP_CB52F2E0,2021-07-19,UNCLAIMED
COUP_9DA6346D,2021-07-19,UNCLAIMED
COUP_AD89E915,2021-07-19,UNCLAIMED
COUP_5A815D6A,2021-07-19,UNCLAIMED
COUP_71929550,2021-07-19,UNCLAIMED
COUP_40CADB6A,2021-07-19,UNCLAIMED
COUP_3E2A2430,2021-07-19,UNCLAIMED
COUP_BE750240,2021-07-19,UNCLAIMED
COUP_A0937A0C,2021-07-19,UNCLAIMED
COUP_63D52580,2021-07-19,UNCLAIMED
COUP_EEC4D20A,2021-07-19,UNCLAIMED
COUP_5E01A9A1,2021-07-19,UNCLAIMED
COUP_0E1F10B3,2021-07-19,UNCLAIMED
COUP_E6CA52E3,2021-07-19,UNCLAIMED
COUP_14EBF1EC,2021-07-19,UNCLAIMED
COUP_0CC69C11,2021-07-19,UNCLAIMED
COUP_810E7695,2021-07-19,UNCLAIMED
COUP_FB6E1278,2021-07-19,UNCLAIMED
COUP_6F233254,2021-07-19,UNCLAIMED
COUP_A7EAFE21,2021-07-19,UNCLAIMED
COUP_010460E7,2021-07-19,UNCLAIMED
COUP_2B97DDFA,2021-07-19,UNCLAIMED
COUP_C37FE477,2021-07-19,UNCLAIMED
COUP_951C7311,2021-07-19,UNCLAIMED
COUP_8F4B936A,2021-07-19,UNCLAIMED
COUP_0D27684A,2021-07-19,UNCLAIMED
COUP_EB267948,2021-07-19,UNCLAIMED
COUP_900DD3BE,2021-07-19,UNCLAIMED
COUP_12DBEA62,2021-07-19,UNCLAIMED
COUP_726A18D6,2021-07-19,UNCLAIMED
COUP_52C79584,2021-07-19,UNCLAIMED
COUP_7067F051,2021-07-19,UNCLAIMED
COUP_9FC7F232,2021-07-19,UNCLAIMED
COUP_2E0396CE,2021-07-19,UNCLAIMED
COUP_1A7EB05D,2021-07-19,UNCLAIMED
COUP_1E5E6771,2021-07-19,UNCLAIMED
COUP_4895100C,2021-07-19,UNCLAIMED
COUP_91AB67CA,2021-07-19,UNCLAIMED
COUP_29B442CE,2021-07-19,UNCLAIMED
COUP_C05A88A9,2021-07-19,UNCLAIMED
COUP_36403A8E,2021-07-19,UNCLAIMED
COUP_A7519BE0,2021-07-19,UNCLAIMED
COUP_BDE58B4A,2021-07-19,UNCLAIMED
COUP_486E4A61,2021-07-19,UNCLAIMED
COUP_D9F1428E,2021-07-19,UNCLAIMED
COUP_C47C884E,2021-07-19,UNCLAIMED
COUP_3573DB33,2021-07-19,UNCLAIMED
COUP_EC814D93,2021-07-19,UNCLAIMED
COUP_A99EAB1A,2021-07-19,UNCLAIMED
COUP_7FF196F1,2021-07-19,UNCLAIMED
COUP_19DD78AF,2021-07-19,UNCLAIMED
COUP_C069F28A,2021-07-19,UNCLAIMED
COUP_FF241199,2021-07-19,UNCLAIMED
COUP_41FB1F61,2021-07-19,UNCLAIMED
COUP_B7020F56,2021-07-19,UNCLAIMED
COUP_9D647CF3,2021-07-19,UNCLAIMED
COUP_5F8D277D,2021-07-19,UNCLAIMED
COUP_9FDD56AE,2021-07-19,UNCLAIMED
COUP_DF54B068,2021-07-19,UNCLAIMED
COUP_BE9A497F,2021-07-19,UNCLAIMED
COUP_A6973A35,2021-07-19,UNCLAIMED
COUP_734C49D7,2021-07-19,UNCLAIMED
COUP_D71D6320,2021-07-19,UNCLAIMED
COUP_FEAB104D,2021-07-19,UNCLAIMED
COUP_50AB4A99,2021-07-19,UNCLAIMED
COUP_26F4EB19,2021-07-19,UNCLAIMED
COUP_C32C4576,2021-07-19,UNCLAIMED
COUP_6E6A3CF4,2021-07-19,UNCLAIMED
COUP_63D2B7C4,2021-07-19,UNCLAIMED
COUP_016B2DAE,2021-07-19,UNCLAIMED
COUP_61A03C1B,2021-07-19,UNCLAIMED
COUP_11424E53,2021-07-19,UNCLAIMED
COUP_46687541,2021-07-19,UNCLAIMED
COUP_500F33A4,2021-07-19,UNCLAIMED
COUP_45A33476,2021-07-19,UNCLAIMED
COUP_E7F04F63,2021-07-19,UNCLAIMED
COUP_2888D4D5,2021-07-19,UNCLAIMED
COUP_33BB88B2,2021-07-19,UNCLAIMED
COUP_493DF2A6,2021-07-19,UNCLAIMED
COUP_168958CC,2021-07-19,UNCLAIMED
COUP_8381DEB1,2021-07-19,UNCLAIMED
COUP_794E7041,2021-07-19,UNCLAIMED
COUP_6AA574AE,2021-07-19,UNCLAIMED
COUP_DEFC2766,2021-07-19,UNCLAIMED
COUP_98C63959,2021-07-19,UNCLAIMED
COUP_586040FF,2021-07-19,UNCLAIMED
COUP_D4A3E09B,2021-07-19,UNCLAIMED
COUP_5D80BEC4,2021-07-19,UNCLAIMED
COUP_C824A390,2021-07-19,UNCLAIMED
COUP_2AB8D146,2021-07-19,UNCLAIMED
COUP_63FF0757,2021-07-19,UNCLAIMED
COUP_70A81FC4,2021-07-19,UNCLAIMED
COUP_0B45FBBD,2021-07-19,UNCLAIMED
COUP_2F55F4CA,2021-07-19,UNCLAIMED
COUP_95FE72FC,2021-07-19,UNCLAIMED
COUP_FAFE0B71,2021-07-19,UNCLAIMED
COUP_E2B3D80A,2021-07-19,UNCLAIMED
COUP_3415075A,2021-07-19,UNCLAIMED
COUP_6E730840,2021-07-19,UNCLAIMED
COUP_B86ED7CE,2021-07-19,UNCLAIMED
COUP_86E9B08B,2021-07-19,UNCLAIMED
COUP_91518AD9,2021-07-19,UNCLAIMED
COUP_8DE237F5,2021-07-19,UNCLAIMED
COUP_35E35560,2021-07-19,UNCLAIMED
COUP_3E329637,2021-07-19,UNCLAIMED
COUP_3B0AD2D1,2021-07-19,UNCLAIMED
COUP_62B6BD95,2021-07-19,UNCLAIMED
COUP_15C4C27A,2021-07-19,UNCLAIMED
COUP_4E557B06,2021-07-19,UNCLAIMED
COUP_CB62C1F1,2021-07-19,UNCLAIMED
COUP_1A98F0D4,2021-07-19,UNCLAIMED
COUP_B05AD02D,2021-07-19,UNCLAIMED
COUP_1F520D77,2021-07-19,UNCLAIMED
COUP_528794D7,2021-07-19,UNCLAIMED
COUP_BB50A6C4,2021-07-19,UNCLAIMED
COUP_4B35B706,2021-07-19,UNCLAIMED
COUP_CAB01C7A,2021-07-19,UNCLAIMED
COUP_685AC13F,2021-07-19,UNCLAIMED
COUP_94D2A0E9,2021-07-19,UNCLAIMED
COUP_97165BBC,2021-07-19,UNCLAIMED
COUP_8123941E,2021-07-19,UNCLAIMED
COUP_7466DEE8,2021-07-19,UNCLAIMED
COUP_105B8EB0,2021-07-19,UNCLAIMED
COUP_E00681D8,2021-07-19,UNCLAIMED
COUP_E68703D2,2021-07-19,UNCLAIMED
COUP_60F6A7FF,2021-07-19,UNCLAIMED
COUP_BABA9D9A,2021-07-19,UNCLAIMED
COUP_5F93135A,2021-07-19,UNCLAIMED
COUP_C26EB767,2021-07-19,UNCLAIMED
COUP_F65F021A,2021-07-19,UNCLAIMED
COUP_4A2D99C6,2021-07-19,UNCLAIMED
COUP_6D5A7291,2021-07-19,UNCLAIMED
COUP_29D65F12,2021-07-19,UNCLAIMED
COUP_EBCE1D9B,2021-07-19,UNCLAIMED
COUP_4A709EB6,2021-07-19,UNCLAIMED
COUP_DE60DFE0,2021-07-19,UNCLAIMED
COUP_94AB4948,2021-07-19,UNCLAIMED
COUP_5331A01D,2021-07-19,UNCLAIMED
COUP_0BE35701,2021-07-19,UNCLAIMED
COUP_BFDCEDE8,2021-07-19,UNCLAIMED
COUP_28352A2A,2021-07-19,UNCLAIMED
COUP_6605E201,2021-07-19,UNCLAIMED
COUP_6CE5CE27,2021-07-19,UNCLAIMED
COUP_BE6E058B,2021-07-19,UNCLAIMED
COUP_DD9F739E,2021-07-19,UNCLAIMED
COUP_E1203B06,2021-07-19,UNCLAIMED
COUP_16CECFA4,2021-07-19,UNCLAIMED
COUP_F6EEFBED,2021-07-19,UNCLAIMED
COUP_12253F17,2021-07-19,UNCLAIMED
COUP_0DC65DCD,2021-07-19,UNCLAIMED
COUP_D21DD809,2021-07-19,UNCLAIMED
COUP_A256B4DB,2021-07-19,UNCLAIMED
COUP_7CA1C577,2021-07-19,UNCLAIMED
COUP_4EA4C57A,2021-07-19,UNCLAIMED
COUP_A7CA9681,2021-07-19,UNCLAIMED
COUP_0A58D94D,2021-07-19,UNCLAIMED
COUP_7A8766AA,2021-07-19,UNCLAIMED
COUP_8776310A,2021-07-19,UNCLAIMED
COUP_9FD3FB4D,2021-07-19,UNCLAIMED
COUP_78B89AFC,2021-07-19,UNCLAIMED
COUP_247F4420,2021-07-19,UNCLAIMED
COUP_FE6E3163,2021-07-19,UNCLAIMED
COUP_0F70D9FA,2021-07-19,UNCLAIMED
COUP_5F7F87B5,2021-07-19,UNCLAIMED
COUP_A1336711,2021-07-19,UNCLAIMED
COUP_66B8C42B,2021-07-19,UNCLAIMED
COUP_93841856,2021-07-19,UNCLAIMED
COUP_CC8A7074,2021-07-19,UNCLAIMED
COUP_BB057B43,2021-07-19,UNCLAIMED
COUP_9BA101A8,2021-07-19,UNCLAIMED
COUP_06367177,2021-07-19,UNCLAIMED
COUP_571E5BFF,2021-07-19,UNCLAIMED
COUP_D3B415CD,2021-07-19,UNCLAIMED
COUP_3430D807,2021-07-19,UNCLAIMED
COUP_F8D7C260,2021-07-19,UNCLAIMED
COUP_1A778B77,2021-07-19,UNCLAIMED
COUP_EF308DEC,2021-07-19,UNCLAIMED
COUP_7F5BD932,2021-07-19,UNCLAIMED
COUP_7D69EEE3,2021-07-19,UNCLAIMED
COUP_FC848FA1,2021-07-19,UNCLAIMED
COUP_B52765E3,2021-07-19,UNCLAIMED
COUP_A90715D9,2021-07-19,UNCLAIMED
COUP_55774EB3,2021-07-19,UNCLAIMED
COUP_743F6D31,2021-07-19,UNCLAIMED
COUP_F6FD435A,2021-07-19,UNCLAIMED
COUP_C0800B57,2021-07-19,UNCLAIMED
COUP_EE16AF3F,2021-07-19,UNCLAIMED
COUP_3F56D0BB,2021-07-19,UNCLAIMED
COUP_7E42787F,2021-07-19,UNCLAIMED
COUP_19349EC2,2021-07-19,UNCLAIMED
COUP_EB3EE456,2021-07-19,UNCLAIMED
COUP_FB19539D,2021-07-19,UNCLAIMED
COUP_A5DF1A9D,2021-07-19,UNCLAIMED
COUP_06BE2B51,2021-07-19,UNCLAIMED
COUP_66CBE882,2021-07-19,UNCLAIMED
COUP_60D4D10A,2021-07-19,UNCLAIMED
COUP_8679AD40,2021-07-19,UNCLAIMED
COUP_45919CD9,2021-07-19,UNCLAIMED
COUP_71D78DA5,2021-07-19,UNCLAIMED
COUP_FA1BC902,2021-07-19,UNCLAIMED
COUP_4CDA58B3,2021-07-19,UNCLAIMED
COUP_79E69D43,2021-07-19,UNCLAIMED
COUP_D947BC77,2021-07-19,UNCLAIMED
COUP_7DA2D6C6,2021-07-19,UNCLAIMED
COUP_A74CB291,2021-07-19,UNCLAIMED
COUP_0EA7D1AC,2021-07-19,UNCLAIMED
COUP_A8B44661,2021-07-19,UNCLAIMED
COUP_A9A83421,2021-07-19,UNCLAIMED
COUP_1542181B,2021-07-19,UNCLAIMED
COUP_667E250A,2021-07-19,UNCLAIMED
COUP_6906456D,2021-07-19,UNCLAIMED
COUP_5D174D10,2021-07-19,UNCLAIMED
COUP_4AB6944D,2021-07-19,UNCLAIMED
COUP_C1492730,2021-07-19,UNCLAIMED
COUP_A2730CB0,2021-07-19,UNCLAIMED
COUP_E4DA66FB,2021-07-19,UNCLAIMED
COUP_C71A5AA3,2021-07-19,UNCLAIMED
COUP_709676BB,2021-07-19,UNCLAIMED
COUP_BBB4A8D0,2021-07-19,UNCLAIMED
COUP_EF0C521B,2021-07-19,UNCLAIMED
COUP_35C1CD3E,2021-07-19,UNCLAIMED
COUP_F5EA3F86,2021-07-19,UNCLAIMED
COUP_EAA1F11D,2021-07-19,UNCLAIMED
COUP_59FC30A6,2021-07-19,UNCLAIMED
COUP_2C1E17BF,2021-07-19,UNCLAIMED
COUP_6DEAC6F7,2021-07-19,UNCLAIMED
COUP_8C882694,2021-07-19,UNCLAIMED
COUP_21354905,2021-07-19,UNCLAIMED
COUP_604055A0,2021-07-19,UNCLAIMED
COUP_3BC10607,2021-07-19,UNCLAIMED
COUP_E6E82651,2021-07-19,UNCLAIMED
COUP_FEFCEC78,2021-07-19,UNCLAIMED
COUP_80694CEF,2021-07-19,UNCLAIMED
COUP_404059C7,2021-07-19,UNCLAIMED
COUP_037928B4,2021-07-19,UNCLAIMED
COUP_F4F8697C,2021-07-19,UNCLAIMED
COUP_6AA7B485,2021-07-19,UNCLAIMED
COUP_08A73D1A,2021-07-19,UNCLAIMED
COUP_149311C3,2021-07-19,UNCLAIMED
COUP_D2ED1193,2021-07-19,UNCLAIMED
COUP_A1C70EBB,2021-07-19,UNCLAIMED
COUP_490B1552,2021-07-19,UNCLAIMED
COUP_916252CC,2021-07-19,UNCLAIMED
COUP_FECC4E3C,2021-07-19,UNCLAIMED
COUP_83110F6E,2021-07-19,UNCLAIMED
COUP_A6C10FDE,2021-07-19,UNCLAIMED
COUP_03875A44,2021-07-19,UNCLAIMED
COUP_357DC3CB,2021-07-19,UNCLAIMED
COUP_EEA3973E,2021-07-19,UNCLAIMED
COUP_4F560DC7,2021-07-19,UNCLAIMED
COUP_520393E2,2021-07-19,UNCLAIMED
COUP_B81987E5,2021-07-19,UNCLAIMED
COUP_CA5D3995,2021-07-19,UNCLAIMED
COUP_18E7A196,2021-07-19,UNCLAIMED
COUP_2F95F96B,2021-07-19,UNCLAIMED
COUP_5D846342,2021-07-19,UNCLAIMED
COUP_05A256F3,2021-07-19,UNCLAIMED
COUP_F0F01954,2021-07-19,UNCLAIMED
COUP_34E933DE,2021-07-19,UNCLAIMED
COUP_4CA029D6,2021-07-19,UNCLAIMED
COUP_8A7CC453,2021-07-19,UNCLAIMED
COUP_2ED79DF9,2021-07-19,UNCLAIMED
COUP_19354B35,2021-07-19,UNCLAIMED
COUP_B7821C1A,2021-07-19,UNCLAIMED
COUP_D6D804C0,2021-07-19,UNCLAIMED
COUP_F7DC5D7C,2021-07-19,UNCLAIMED
COUP_6E36E652,2021-07-19,UNCLAIMED
COUP_CC615CE1,2021-07-19,UNCLAIMED
COUP_CEDC1056,2021-07-19,UNCLAIMED
COUP_4223C8F4,2021-07-19,UNCLAIMED
COUP_3E9E1D07,2021-07-19,UNCLAIMED
COUP_352F7673,2021-07-19,UNCLAIMED
COUP_B7A8ADE8,2021-07-19,UNCLAIMED
COUP_2D06DFC2,2021-07-19,UNCLAIMED
COUP_F056D7F3,2021-07-19,UNCLAIMED
COUP_EB0CED7B,2021-07-19,UNCLAIMED
COUP_2FF35B0D,2021-07-19,UNCLAIMED
COUP_54EB8E25,2021-07-19,UNCLAIMED
COUP_D64CBFF0,2021-07-19,UNCLAIMED
COUP_D70BE6C2,2021-07-19,UNCLAIMED
COUP_6A49C57C,2021-07-19,UNCLAIMED
COUP_813D1709,2021-07-19,UNCLAIMED
COUP_EF8CC013,2021-07-19,UNCLAIMED
COUP_B5F2DC07,2021-07-19,UNCLAIMED
COUP_E2FAD17E,2021-07-19,UNCLAIMED
COUP_8B559280,2021-07-19,UNCLAIMED
COUP_6BE615C2,2021-07-19,UNCLAIMED
COUP_F8F15E8B,2021-07-19,UNCLAIMED
COUP_49E834C9,2021-07-19,UNCLAIMED
COUP_A56A7992,2021-07-19,UNCLAIMED
COUP_B06CF0C6,2021-07-19,UNCLAIMED
COUP_E978EDCE,2021-07-19,UNCLAIMED
COUP_5EC29DC8,2021-07-19,UNCLAIMED
COUP_38CE42B2,2021-07-19,UNCLAIMED
COUP_C080A3C8,2021-07-19,UNCLAIMED
COUP_2AABDAEA,2021-07-19,UNCLAIMED
COUP_0C726C51,2021-07-19,UNCLAIMED
COUP_6B190E13,2021-07-19,UNCLAIMED
COUP_223765B6,2021-07-19,UNCLAIMED
COUP_CF143C54,2021-07-19,UNCLAIMED
COUP_26AEF988,2021-07-19,UNCLAIMED
COUP_FA0A62EE,2021-07-19,UNCLAIMED
COUP_8F51A0C9,2021-07-19,UNCLAIMED
COUP_9D94F49D,2021-07-19,UNCLAIMED
COUP_CB0671D5,2021-07-19,UNCLAIMED
COUP_8635FB6E,2021-07-19,UNCLAIMED
COUP_0616D4AD,2021-07-19,UNCLAIMED
COUP_CCC6C4C9,2021-07-19,UNCLAIMED
COUP_8CD83BAB,2021-07-19,UNCLAIMED
COUP_94CDA084,2021-07-19,UNCLAIMED
COUP_17BE05FC,2021-07-19,UNCLAIMED
COUP_703371DD,2021-07-19,UNCLAIMED
COUP_4203F163,2021-07-19,UNCLAIMED
COUP_891A18A2,2021-07-19,UNCLAIMED
COUP_A443BE6A,2021-07-19,UNCLAIMED
COUP_0F20F92C,2021-07-19,UNCLAIMED
COUP_7C4EE96D,2021-07-19,UNCLAIMED
COUP_96752154,2021-07-19,UNCLAIMED
COUP_8DCF9EBC,2021-07-19,UNCLAIMED
COUP_60DED487,2021-07-19,UNCLAIMED
COUP_79C24DE8,2021-07-19,UNCLAIMED
COUP_33D67D9C,2021-07-19,UNCLAIMED
COUP_500B7DB5,2021-07-19,UNCLAIMED
COUP_F6C74F5C,2021-07-19,UNCLAIMED
COUP_9C83C6AD,2021-07-19,UNCLAIMED
COUP_EA461260,2021-07-19,UNCLAIMED
COUP_D20E190D,2021-07-19,UNCLAIMED
COUP_B066EA95,2021-07-19,UNCLAIMED
COUP_48EAAFF4,2021-07-19,UNCLAIMED
COUP_6FC51227,2021-07-19,UNCLAIMED
COUP_3BBB56EA,2021-07-19,UNCLAIMED
COUP_327BD1BD,2021-07-19,UNCLAIMED
COUP_5ED3E508,2021-07-19,UNCLAIMED
COUP_E08039EA,2021-07-19,UNCLAIMED
COUP_11BC14CD,2021-07-19,UNCLAIMED
COUP_3DBF5E88,2021-07-19,UNCLAIMED
COUP_617616DD,2021-07-19,UNCLAIMED
COUP_905D1D82,2021-07-19,UNCLAIMED
COUP_5D6F8949,2021-07-19,UNCLAIMED
COUP_AEABAEAB,2021-07-19,UNCLAIMED
COUP_C738B529,2021-07-19,UNCLAIMED
COUP_5F348549,2021-07-19,UNCLAIMED
COUP_30783457,2021-07-19,UNCLAIMED
COUP_23AF470C,2021-07-19,UNCLAIMED
COUP_D94F67A4,2021-07-19,UNCLAIMED
COUP_B24BD8F3,2021-07-19,UNCLAIMED
COUP_65C65E9D,2021-07-19,UNCLAIMED
COUP_C380C949,2021-07-19,UNCLAIMED
COUP_011C157D,2021-07-19,UNCLAIMED
COUP_35DF9BF3,2021-07-19,UNCLAIMED
COUP_1C422C3F,2021-07-19,UNCLAIMED
COUP_6184B739,2021-07-19,UNCLAIMED
COUP_5F997E0D,2021-07-19,UNCLAIMED
COUP_51D0FBC4,2021-07-19,UNCLAIMED
COUP_09773A71,2021-07-19,UNCLAIMED
COUP_4A774854,2021-07-19,UNCLAIMED
COUP_11506201,2021-07-19,UNCLAIMED
COUP_CCC86B9A,2021-07-19,UNCLAIMED
COUP_6CE3D2D9,2021-07-19,UNCLAIMED
COUP_57CC4DFB,2021-07-19,UNCLAIMED
COUP_8F993BF2,2021-07-19,UNCLAIMED
COUP_715F4FDC,2021-07-19,UNCLAIMED
COUP_1ECDAA07,2021-07-19,UNCLAIMED
COUP_8477270C,2021-07-19,UNCLAIMED
COUP_362C86C3,2021-07-19,UNCLAIMED
COUP_A922BBAC,2021-07-19,UNCLAIMED
COUP_EFBE3159,2021-07-19,UNCLAIMED
COUP_220CC6B9,2021-07-19,UNCLAIMED
COUP_1243992F,2021-07-19,UNCLAIMED
COUP_E9813D4E,2021-07-19,UNCLAIMED
COUP_5008765F,2021-07-19,UNCLAIMED
COUP_F971C558,2021-07-19,UNCLAIMED
COUP_C6CC0C37,2021-07-19,UNCLAIMED
COUP_7EF5BAB7,2021-07-19,UNCLAIMED
COUP_00FA9343,2021-07-19,UNCLAIMED
COUP_168688E1,2021-07-19,UNCLAIMED
COUP_7F6FB40D,2021-07-19,UNCLAIMED
COUP_BB015D9A,2021-07-19,UNCLAIMED
COUP_639CB129,2021-07-19,UNCLAIMED
COUP_BA83768B,2021-07-19,UNCLAIMED
COUP_A27329F9,2021-07-19,UNCLAIMED
COUP_C9C690A5,2021-07-19,UNCLAIMED
COUP_D31F9639,2021-07-19,UNCLAIMED
COUP_F4F738FD,2021-07-19,UNCLAIMED
COUP_2FACE197,2021-07-19,UNCLAIMED
COUP_7C570AAF,2021-07-19,UNCLAIMED
COUP_5B5CC74B,2021-07-19,UNCLAIMED
COUP_AF991304,2021-07-19,UNCLAIMED
COUP_8116D563,2021-07-19,UNCLAIMED
COUP_2506ECAE,2021-07-19,UNCLAIMED
COUP_060A396C,2021-07-19,UNCLAIMED
COUP_8D6146FB,2021-07-19,UNCLAIMED
COUP_6FBCBC71,2021-07-19,UNCLAIMED
COUP_3B56ED42,2021-07-19,UNCLAIMED
COUP_EB838FF8,2021-07-19,UNCLAIMED
COUP_D9998703,2021-07-19,UNCLAIMED
COUP_B608D318,2021-07-19,UNCLAIMED
COUP_DD47969A,2021-07-19,UNCLAIMED
COUP_2E4AEF1C,2021-07-19,UNCLAIMED
COUP_E7D77E8F,2021-07-19,UNCLAIMED
COUP_C6B13504,2021-07-19,UNCLAIMED
COUP_6C279061,2021-07-19,UNCLAIMED
COUP_0AA35BA7,2021-07-19,UNCLAIMED
COUP_B2136300,2021-07-19,UNCLAIMED
COUP_35C7C492,2021-07-19,UNCLAIMED
COUP_732EFEFD,2021-07-19,UNCLAIMED
COUP_2DE6AB96,2021-07-19,UNCLAIMED
COUP_364C9983,2021-07-19,UNCLAIMED
COUP_3FAEA358,2021-07-19,UNCLAIMED
COUP_BE79ED85,2021-07-19,UNCLAIMED
COUP_9B79067C,2021-07-19,UNCLAIMED
COUP_116E6BC2,2021-07-19,UNCLAIMED
COUP_EFF33AF2,2021-07-19,UNCLAIMED
COUP_0933CD40,2021-07-19,UNCLAIMED
COUP_7F7BF57B,2021-07-19,UNCLAIMED
COUP_1966CC38,2021-07-19,UNCLAIMED
COUP_E851D4E6,2021-07-19,UNCLAIMED
COUP_F205FFA0,2021-07-19,UNCLAIMED
COUP_71A3051A,2021-07-19,UNCLAIMED
COUP_44A12A61,2021-07-19,UNCLAIMED
COUP_CE63C443,2021-07-19,UNCLAIMED
COUP_F51B737E,2021-07-19,UNCLAIMED
COUP_D4CBF515,2021-07-19,UNCLAIMED
COUP_0157579A,2021-07-19,UNCLAIMED
COUP_F4BA1D67,2021-07-19,UNCLAIMED
COUP_034B510C,2021-07-19,UNCLAIMED
COUP_323C784B,2021-07-19,UNCLAIMED
COUP_3B6A7BD5,2021-07-19,UNCLAIMED
COUP_EA66FE11,2021-07-19,UNCLAIMED
COUP_EE3CB90D,2021-07-19,UNCLAIMED
COUP_A9A785EC,2021-07-19,UNCLAIMED
COUP_B3B61956,2021-07-19,UNCLAIMED
COUP_3A3766E2,2021-07-19,UNCLAIMED
COUP_49958D34,2021-07-19,UNCLAIMED
COUP_D15C39D9,2021-07-19,UNCLAIMED
COUP_F80F221B,2021-07-19,UNCLAIMED
COUP_C91FA318,2021-07-19,UNCLAIMED
COUP_91864FFA,2021-07-19,UNCLAIMED
COUP_AC404505,2021-07-19,UNCLAIMED
COUP_3F611B3F,2021-07-19,UNCLAIMED
COUP_F19C4183,2021-07-19,UNCLAIMED
COUP_5F450ECF,2021-07-19,UNCLAIMED
COUP_AD77EE2A,2021-07-19,UNCLAIMED
COUP_A99B52AC,2021-07-19,UNCLAIMED
COUP_B0099CDF,2021-07-19,UNCLAIMED
COUP_3449612A,2021-07-19,UNCLAIMED
COUP_1BDDA1D2,2021-07-19,UNCLAIMED
COUP_E76022D7,2021-07-19,UNCLAIMED
COUP_F233F40F,2021-07-19,UNCLAIMED
COUP_ED5B7187,2021-07-19,UNCLAIMED
COUP_89AB1385,2021-07-19,UNCLAIMED
COUP_19A847BC,2021-07-19,UNCLAIMED
COUP_62A21357,2021-07-19,UNCLAIMED
COUP_3EC81E2B,2021-07-19,UNCLAIMED
COUP_7EF5EE66,2021-07-19,UNCLAIMED
COUP_CDCC42B3,2021-07-19,UNCLAIMED
COUP_D65C8B98,2021-07-19,UNCLAIMED
COUP_B34C2157,2021-07-19,UNCLAIMED
COUP_E7E2138C,2021-07-19,UNCLAIMED
COUP_56A5CF4F,2021-07-19,UNCLAIMED
COUP_DA337C31,2021-07-19,UNCLAIMED
COUP_87885132,2021-07-19,UNCLAIMED
COUP_51AB6E0D,2021-07-19,UNCLAIMED
COUP_67BB68ED,2021-07-19,UNCLAIMED
COUP_BAC4EAB8,2021-07-19,UNCLAIMED
COUP_6410EA28,2021-07-19,UNCLAIMED
COUP_83E950E4,2021-07-19,UNCLAIMED
COUP_C3A7DC45,2021-07-19,UNCLAIMED
COUP_C8C5ABA9,2021-07-19,UNCLAIMED
COUP_6869EC14,2021-07-19,UNCLAIMED
COUP_8DAD67C1,2021-07-19,UNCLAIMED
COUP_032FF022,2021-07-19,UNCLAIMED
COUP_894EDAC0,2021-07-19,UNCLAIMED
COUP_318287B1,2021-07-19,UNCLAIMED
COUP_F06038F6,2021-07-19,UNCLAIMED
COUP_F6B81586,2021-07-19,UNCLAIMED
COUP_F831E417,2021-07-19,UNCLAIMED
COUP_86819956,2021-07-19,UNCLAIMED
COUP_2C7D33FE,2021-07-19,UNCLAIMED
COUP_E80C2F5A,2021-07-19,UNCLAIMED
COUP_00951B93,2021-07-19,UNCLAIMED
COUP_1EF536E4,2021-07-19,UNCLAIMED
COUP_96905363,2021-07-19,UNCLAIMED
COUP_0EAB658B,2021-07-19,UNCLAIMED
COUP_D65AE664,2021-07-19,UNCLAIMED
COUP_85B74B57,2021-07-19,UNCLAIMED
COUP_05174CFC,2021-07-19,UNCLAIMED
COUP_DD0A09FC,2021-07-19,UNCLAIMED
COUP_E91572ED,2021-07-19,UNCLAIMED
COUP_74194447,2021-07-19,UNCLAIMED
COUP_9A28523B,2021-07-19,UNCLAIMED
COUP_697B8C17,2021-07-19,UNCLAIMED
COUP_BF890193,2021-07-19,UNCLAIMED
COUP_2128CD7F,2021-07-19,UNCLAIMED
COUP_A600600B,2021-07-19,UNCLAIMED
COUP_19B67F3D,2021-07-19,UNCLAIMED
COUP_28FEBCFF,2021-07-19,UNCLAIMED
COUP_E91F9D0B,2021-07-19,UNCLAIMED
COUP_61DB2130,2021-07-19,UNCLAIMED
COUP_E424ACB5,2021-07-19,UNCLAIMED
COUP_D7EA2256,2021-07-19,UNCLAIMED
COUP_615051DB,2021-07-19,UNCLAIMED
COUP_0CB65CAB,2021-07-19,UNCLAIMED
COUP_EE713A5D,2021-07-19,UNCLAIMED
COUP_A7A2FB6A,2021-07-19,UNCLAIMED
COUP_65225E7E,2021-07-19,UNCLAIMED
COUP_C5E2F729,2021-07-19,UNCLAIMED
COUP_0D06DEB2,2021-07-19,UNCLAIMED
COUP_8535E4D2,2021-07-19,UNCLAIMED
COUP_E8EF04E8,2021-07-19,UNCLAIMED
COUP_5B8583F3,2021-07-19,UNCLAIMED
COUP_AB702435,2021-07-19,UNCLAIMED
COUP_318D67B3,2021-07-19,UNCLAIMED
COUP_67D1657F,2021-07-19,UNCLAIMED
COUP_25686461,2021-07-19,UNCLAIMED
COUP_F1CBBE83,2021-07-19,UNCLAIMED
COUP_D975A217,2021-07-19,UNCLAIMED
COUP_91BB996E,2021-07-19,UNCLAIMED
COUP_EEC17996,2021-07-19,UNCLAIMED
COUP_8FC6EFD4,2021-07-19,UNCLAIMED
COUP_CE3C7FD9,2021-07-19,UNCLAIMED
COUP_7762E026,2021-07-19,UNCLAIMED
COUP_E3CD63C6,2021-07-19,UNCLAIMED
COUP_71CFFC77,2021-07-19,UNCLAIMED
COUP_7FF08251,2021-07-19,UNCLAIMED
COUP_D1D4DBB0,2021-07-19,UNCLAIMED
COUP_726253E5,2021-07-19,UNCLAIMED
COUP_C972AE82,2021-07-19,UNCLAIMED
COUP_388019B7,2021-07-19,UNCLAIMED
COUP_2BC7DCBA,2021-07-19,UNCLAIMED
COUP_0EDC6AF1,2021-07-19,UNCLAIMED
COUP_3E10ECF8,2021-07-19,UNCLAIMED
COUP_FD3B8BE2,2021-07-19,UNCLAIMED
COUP_A2F83FBE,2021-07-19,UNCLAIMED
COUP_D905AB07,2021-07-19,UNCLAIMED
COUP_CF695C86,2021-07-19,UNCLAIMED
COUP_6A7B6F93,2021-07-19,UNCLAIMED
COUP_B024D8F7,2021-07-19,UNCLAIMED
COUP_2EDB78BD,2021-07-19,UNCLAIMED
COUP_EF9E1868,2021-07-19,UNCLAIMED
COUP_536DB33F,2021-07-19,UNCLAIMED
COUP_E47C719A,2021-07-19,UNCLAIMED
COUP_5553A9A9,2021-07-19,UNCLAIMED
COUP_9EAD733F,2021-07-19,UNCLAIMED
COUP_6E4B340E,2021-07-19,UNCLAIMED
COUP_D38E53A3,2021-07-19,UNCLAIMED
COUP_818326C4,2021-07-19,UNCLAIMED
COUP_DD8ECCBF,2021-07-19,UNCLAIMED
COUP_5B77EA6E,2021-07-19,UNCLAIMED
COUP_710FE645,2021-07-19,UNCLAIMED
COUP_B6C81C78,2021-07-19,UNCLAIMED
COUP_A36576EA,2021-07-19,UNCLAIMED
COUP_E44F9E84,2021-07-19,UNCLAIMED
COUP_02095B21,2021-07-19,UNCLAIMED
COUP_20D9B95F,2021-07-19,UNCLAIMED
COUP_9B7BAA79,2021-07-19,UNCLAIMED
COUP_64A13309,2021-07-19,UNCLAIMED
COUP_613B6A58,2021-07-19,UNCLAIMED
COUP_CADF8206,2021-07-19,UNCLAIMED
COUP_56F7899B,2021-07-19,UNCLAIMED
COUP_F01A7D2A,2021-07-19,UNCLAIMED
COUP_BED01ECA,2021-07-19,UNCLAIMED
COUP_D6F22E4D,2021-07-19,UNCLAIMED
COUP_497C3702,2021-07-19,UNCLAIMED
COUP_EB26AC14,2021-07-19,UNCLAIMED
COUP_33A8B313,2021-07-19,UNCLAIMED
COUP_A3A81C15,2021-07-19,UNCLAIMED
COUP_DC28F8E0,2021-07-19,UNCLAIMED
COUP_7D0143DF,2021-07-19,UNCLAIMED
COUP_78DA7DE7,2021-07-19,UNCLAIMED
COUP_9F8F4E11,2021-07-19,UNCLAIMED
COUP_1EA86D01,2021-07-19,UNCLAIMED
COUP_76FFA32B,2021-07-19,UNCLAIMED
COUP_D42CEDF3,2021-07-19,UNCLAIMED
COUP_E4B6FDC0,2021-07-19,UNCLAIMED
COUP_2241CEAB,2021-07-19,UNCLAIMED
COUP_0B531D90,2021-07-19,UNCLAIMED
COUP_D2AA97BB,2021-07-19,UNCLAIMED
COUP_18AABB70,2021-07-19,UNCLAIMED
COUP_D71E49F7,2021-07-19,UNCLAIMED
COUP_F3C5A3F1,2021-07-19,UNCLAIMED
COUP_BA975009,2021-07-19,UNCLAIMED
COUP_77811D62,2021-07-19,UNCLAIMED
COUP_5834612A,2021-07-19,UNCLAIMED
COUP_7732FB55,2021-07-19,UNCLAIMED
COUP_B65D5B8D,2021-07-19,UNCLAIMED
COUP_62E002D3,2021-07-19,UNCLAIMED
COUP_EE8B6014,2021-07-19,UNCLAIMED
COUP_12C087E4,2021-07-19,UNCLAIMED
COUP_9A43A7C7,2021-07-19,UNCLAIMED
COUP_4818624F,2021-07-19,UNCLAIMED
COUP_B8C8E277,2021-07-19,UNCLAIMED
COUP_6A15A384,2021-07-19,UNCLAIMED
COUP_CEFF1A00,2021-07-19,UNCLAIMED
COUP_32BBABCE,2021-07-19,UNCLAIMED
COUP_D03A6613,2021-07-19,UNCLAIMED
COUP_88168797,2021-07-19,UNCLAIMED
COUP_5B70EB2D,2021-07-19,UNCLAIMED
COUP_EB4CB768,2021-07-19,UNCLAIMED
COUP_F8CCF174,2021-07-19,UNCLAIMED
COUP_67E3C42B,2021-07-19,UNCLAIMED
COUP_40241352,2021-07-19,UNCLAIMED
COUP_13EE47B1,2021-07-19,UNCLAIMED
COUP_65A4C682,2021-07-19,UNCLAIMED
COUP_342049B1,2021-07-19,UNCLAIMED
COUP_575BC816,2021-07-19,UNCLAIMED
COUP_4F3118B1,2021-07-19,UNCLAIMED
COUP_E047291F,2021-07-19,UNCLAIMED
COUP_A8C0006D,2021-07-19,UNCLAIMED
COUP_B4C507AE,2021-07-19,UNCLAIMED
COUP_1F6381C8,2021-07-19,UNCLAIMED
COUP_AC8830CA,2021-07-19,UNCLAIMED
COUP_89E0F27B,2021-07-19,UNCLAIMED
COUP_101D35B8,2021-07-19,UNCLAIMED
COUP_D704A515,2021-07-19,UNCLAIMED
COUP_D7AEB085,2021-07-19,UNCLAIMED
COUP_30710204,2021-07-19,UNCLAIMED
COUP_1E5FC7BF,2021-07-19,UNCLAIMED
COUP_A53D3046,2021-07-19,UNCLAIMED
COUP_3D80282B,2021-07-19,UNCLAIMED
COUP_C3A234F2,2021-07-19,UNCLAIMED
COUP_DD4D0276,2021-07-19,UNCLAIMED
COUP_837FADB1,2021-07-19,UNCLAIMED
COUP_7226CB07,2021-07-19,UNCLAIMED
COUP_D46F89B9,2021-07-19,UNCLAIMED
COUP_BD5BC4A2,2021-07-19,UNCLAIMED
COUP_8BB26369,2021-07-19,UNCLAIMED
COUP_EC2393E2,2021-07-19,UNCLAIMED
COUP_B6B4626B,2021-07-19,UNCLAIMED
COUP_4668657A,2021-07-19,UNCLAIMED
COUP_0884C597,2021-07-19,UNCLAIMED
COUP_3DBE68BE,2021-07-19,UNCLAIMED
COUP_21987CCF,2021-07-19,UNCLAIMED
COUP_4BB29FB9,2021-07-19,UNCLAIMED
COUP_63D27572,2021-07-19,UNCLAIMED
COUP_E9A64F8A,2021-07-19,UNCLAIMED
COUP_57527A45,2021-07-19,UNCLAIMED
COUP_03FC8E55,2021-07-19,UNCLAIMED
COUP_F135D24E,2021-07-19,UNCLAIMED
COUP_62B3B48B,2021-07-19,UNCLAIMED
COUP_5282F8B7,2021-07-19,UNCLAIMED
COUP_62DCBA15,2021-07-19,UNCLAIMED
COUP_752C1A94,2021-07-19,UNCLAIMED
COUP_12FEBBD7,2021-07-19,UNCLAIMED
COUP_3DAA3A51,2021-07-19,UNCLAIMED
COUP_E09534B3,2021-07-19,UNCLAIMED
COUP_336D1BAB,2021-07-19,UNCLAIMED
COUP_DABBA780,2021-07-19,UNCLAIMED
COUP_C77A5FB6,2021-07-19,UNCLAIMED
COUP_7601C5F3,2021-07-19,UNCLAIMED
COUP_41587265,2021-07-19,UNCLAIMED
COUP_538F4C93,2021-07-19,UNCLAIMED
COUP_BD082E5C,2021-07-19,UNCLAIMED
COUP_F26F27CD,2021-07-19,UNCLAIMED
COUP_D39A5B95,2021-07-19,UNCLAIMED
COUP_494D9606,2021-07-19,UNCLAIMED
COUP_B11C6B3D,2021-07-19,UNCLAIMED
COUP_F96D548F,2021-07-19,UNCLAIMED
COUP_406A158D,2021-07-19,UNCLAIMED
COUP_45541A5D,2021-07-19,UNCLAIMED
COUP_5E27C0E7,2021-07-19,UNCLAIMED
COUP_E6EEE083,2021-07-19,UNCLAIMED
COUP_7A03CEB6,2021-07-19,UNCLAIMED
COUP_BDF2C063,2021-07-19,UNCLAIMED
COUP_DE9B3A21,2021-07-19,UNCLAIMED
COUP_904768E2,2021-07-19,UNCLAIMED
COUP_D7402794,2021-07-19,UNCLAIMED
COUP_7794723F,2021-07-19,UNCLAIMED
COUP_CDA749C4,2021-07-19,UNCLAIMED
COUP_58DB0EDF,2021-07-19,UNCLAIMED
COUP_1A6B42D8,2021-07-19,UNCLAIMED
COUP_E999E39B,2021-07-19,UNCLAIMED
COUP_E0A36276,2021-07-19,UNCLAIMED
COUP_5991053E,2021-07-19,UNCLAIMED
COUP_C8BD6604,2021-07-19,UNCLAIMED
COUP_051864E4,2021-07-19,UNCLAIMED
COUP_8FA0200D,2021-07-19,UNCLAIMED
COUP_6A5B2B58,2021-07-19,UNCLAIMED
COUP_0F17297C,2021-07-19,UNCLAIMED
COUP_8FEEC8D6,2021-07-19,UNCLAIMED
COUP_F1E5FFFB,2021-07-19,UNCLAIMED
COUP_B564BBC5,2021-07-19,UNCLAIMED
COUP_A2E338C3,2021-07-19,UNCLAIMED
COUP_62E257F4,2021-07-19,UNCLAIMED
COUP_0962A8DD,2021-07-19,UNCLAIMED
COUP_1BBA0731,2021-07-19,UNCLAIMED
COUP_483FA4DA,2021-07-19,UNCLAIMED
COUP_3DB5D54F,2021-07-19,UNCLAIMED
COUP_5646C448,2021-07-19,UNCLAIMED
COUP_1B7B406A,2021-07-19,UNCLAIMED
COUP_E8D0C249,2021-07-19,UNCLAIMED
COUP_906C947F,2021-07-19,UNCLAIMED
COUP_B25666C6,2021-07-19,UNCLAIMED
COUP_17EC5AE9,2021-07-19,UNCLAIMED
COUP_70DF9AEC,2021-07-19,UNCLAIMED
COUP_8D2B9B03,2021-07-19,UNCLAIMED
COUP_21AE0855,2021-07-19,UNCLAIMED
COUP_DBF3F5BC,2021-07-19,UNCLAIMED
COUP_FAA5EEBF,2021-07-19,UNCLAIMED
COUP_126AD896,2021-07-19,UNCLAIMED
COUP_7CFE0C18,2021-07-19,UNCLAIMED
COUP_EFDB5838,2021-07-19,UNCLAIMED
COUP_29E9C2DB,2021-07-19,UNCLAIMED
COUP_81686832,2021-07-19,UNCLAIMED
COUP_977EDA5A,2021-07-19,UNCLAIMED
COUP_E3617F02,2021-07-19,UNCLAIMED
COUP_FC4A8475,2021-07-19,UNCLAIMED
COUP_610FE655,2021-07-19,UNCLAIMED
COUP_C91F87D7,2021-07-19,UNCLAIMED
COUP_FD7338B1,2021-07-19,UNCLAIMED
COUP_BCE1B650,2021-07-19,UNCLAIMED
COUP_C1C7D5EC,2021-07-19,UNCLAIMED
COUP_93B10F07,2021-07-19,UNCLAIMED
COUP_DB1A50B4,2021-07-19,UNCLAIMED
COUP_3C19346D,2021-07-19,UNCLAIMED
COUP_B2D713F5,2021-07-19,UNCLAIMED
COUP_70101810,2021-07-19,UNCLAIMED
COUP_6775CDE6,2021-07-19,UNCLAIMED
COUP_E6D90199,2021-07-19,UNCLAIMED
COUP_BE545B85,2021-07-19,UNCLAIMED
COUP_AE8F51F2,2021-07-19,UNCLAIMED
COUP_3ECD3E17,2021-07-19,UNCLAIMED
COUP_DA6EAA01,2021-07-19,UNCLAIMED
COUP_4CD1DBEC,2021-07-19,UNCLAIMED
COUP_BC24594E,2021-07-19,UNCLAIMED
COUP_FF11127D,2021-07-19,UNCLAIMED
COUP_9CD032C9,2021-07-19,UNCLAIMED
COUP_0636DB49,2021-07-19,UNCLAIMED
COUP_0C1933A6,2021-07-19,UNCLAIMED
COUP_405A0B91,2021-07-19,UNCLAIMED
COUP_B31C9A86,2021-07-19,UNCLAIMED
COUP_C1796CE6,2021-07-19,UNCLAIMED
COUP_5C4455B3,2021-07-19,UNCLAIMED
COUP_F039B801,2021-07-19,UNCLAIMED
COUP_EA7BEA67,2021-07-19,UNCLAIMED
COUP_592A347E,2021-07-19,UNCLAIMED
COUP_08093C7A,2021-07-19,UNCLAIMED
COUP_92EDFE23,2021-07-19,UNCLAIMED
COUP_C9C0D592,2021-07-19,UNCLAIMED
COUP_C7043A7A,2021-07-19,UNCLAIMED
COUP_A4A395EB,2021-07-19,UNCLAIMED
COUP_7DC9B9F2,2021-07-19,UNCLAIMED
COUP_4C6DEB2C,2021-07-19,UNCLAIMED
COUP_3CF2D194,2021-07-19,UNCLAIMED
COUP_2F7EF988,2021-07-19,UNCLAIMED
COUP_766469FE,2021-07-19,UNCLAIMED
COUP_BA005524,2021-07-19,UNCLAIMED
COUP_8E3F8B36,2021-07-19,UNCLAIMED
COUP_AD9D30CC,2021-07-19,UNCLAIMED
COUP_4262EA81,2021-07-19,UNCLAIMED
COUP_26A22A05,2021-07-19,UNCLAIMED
COUP_1FDA3A85,2021-07-19,UNCLAIMED
COUP_394D0F56,2021-07-19,UNCLAIMED
COUP_9BEB43C4,2021-07-19,UNCLAIMED
COUP_ECA64D32,2021-07-19,UNCLAIMED
COUP_C2ED0B1F,2021-07-19,UNCLAIMED
COUP_21B3DBF9,2021-07-19,UNCLAIMED
COUP_AF158568,2021-07-19,UNCLAIMED
COUP_386FDE78,2021-07-19,UNCLAIMED
COUP_512EA31F,2021-07-19,UNCLAIMED
COUP_EDEB4851,2021-07-19,UNCLAIMED
COUP_BCEBB1BC,2021-07-19,UNCLAIMED
COUP_92A73BC4,2021-07-19,UNCLAIMED
COUP_9EA4598C,2021-07-19,UNCLAIMED
COUP_CBB5FA8E,2021-07-19,UNCLAIMED
COUP_C0CABD13,2021-07-19,UNCLAIMED
COUP_2EDE918A,2021-07-19,UNCLAIMED
COUP_58C67ACF,2021-07-19,UNCLAIMED
COUP_300CA4E2,2021-07-19,UNCLAIMED
COUP_FD369882,2021-07-19,UNCLAIMED
COUP_A707FA7E,2021-07-19,UNCLAIMED
COUP_B7389B1D,2021-07-19,UNCLAIMED
COUP_3605AE76,2021-07-19,UNCLAIMED
COUP_25734E02,2021-07-19,UNCLAIMED
COUP_B65F2FA2,2021-07-19,UNCLAIMED
COUP_7687FDDA,2021-07-19,UNCLAIMED
COUP_96D96B8D,2021-07-19,UNCLAIMED
COUP_71752E07,2021-07-19,UNCLAIMED
COUP_78A8CB16,2021-07-19,UNCLAIMED
COUP_71A207E0,2021-07-19,UNCLAIMED
COUP_EC04E711,2021-07-19,UNCLAIMED