USER_00705B8F49,GUEST
USER_001315323F,GUEST
USER_00978485C0,GUEST
USER_003151A5F4,GUEST
USER_009FE39DA3,GUEST
USER_00677EFD81,GUEST
USER_005EAF6135,GUEST
USER_00662C1AB2,GUEST
USER_004DFC338B,GUEST
USER_00C88612D2,GUEST
USER_002423CAD8,GUEST
USER_00A20EB55A,GUEST
USER_00767ABC03,GUEST
USER_0024BC3014,GUEST
USER_008E835E45,GUEST
USER_00CBB5668C,GUEST
USER_009DD1CE30,GUEST
USER_009E2612BA,GUEST
USER_00178BEA26,GUEST
USER_001194BEB5,GUEST
USER_00983A11CD,GUEST
USER_002ACDF97E,GUEST
USER_00CBACFB1C,GUEST
USER_00D943A83E,GUEST
USER_00471173B4,GUEST
USER_00B62A1838,GUEST
USER_00F29A922A,GUEST
USER_003FBCDFED,GUEST
USER_00AF5BA664,GUEST
USER_00A8B1BFA3,GUEST
USER_0004D78186,GUEST
USER_000E777397,GUEST
USER_00D4BC36C7,GUEST
USER_00D105E001,GUEST
USER_00AF4F9576,GUEST
USER_00E6008AC7,GUEST
USER_003DA3A187,GUEST
USER_007FBEACEF,GUEST
USER_00D44269D7,GUEST
USER_004B879184,GUEST
USER_009E8A82C0,GUEST
USER_009040FDA8,GUEST
USER_006722C297,GUEST
USER_0029A5CD03,GUEST
USER_0051CADFBA,GUEST
USER_008CC76993,GUEST
USER_009FFCEC19,GUEST
USER_00DDA2E820,GUEST
USER_00DB43E035,GUEST
USER_00F02A5769,GUEST
USER_00CF9B3411,GUEST
USER_00818364BB,GUEST
USER_00AD2F5707,GUEST
USER_0017887464,GUEST
USER_00CDB81D4B,GUEST
USER_008884D9D7,GUEST
USER_00E5D197F9,GUEST
USER_0045577A60,GUEST
USER_003BAF6E4D,GUEST
USER_0000ADE550,GUEST
USER_007800F785,GUEST
USER_0055CD7B57,GUEST
USER_00E8D6FB93,GUEST
USER_004CA970B5,GUEST
USER_006869846E,GUEST
USER_009F1F9F7C,GUEST
USER_004DF94B63,GUEST
USER_002F369CA5,GUEST
USER_00FF4512D6,GUEST
USER_001390ED8A,GUEST
USER_009899C1A2,GUEST
USER_00EFBF586E,GUEST
USER_0061664F68,GUEST
USER_00C6026FEF,GUEST
USER_00F80BA606,GUEST
USER_003279555D,GUEST
USER_008B222A5A,GUEST
USER_00D034D1AF,GUEST
USER_00C869CB59,GUEST
USER_00F4B1D3B4,GUEST
USER_00E0BB7E7D,GUEST
USER_007C71E36B,GUEST
USER_0049C713F2,GUEST
USER_0031DC761E,GUEST
USER_0039D87A67,GUEST
USER_0000F47E21,GUEST
USER_006DADD786,GUEST
USER_00DD45CD52,GUEST
USER_00DF5CD5BB,GUEST
USER_001616F10E,GUEST
USER_00AFFC05EB,GUEST
USER_001648E71D,GUEST
USER_00535BB6F0,GUEST
USER_009F39D6BD,GUEST
USER_00F326831A,GUEST
USER_0061F0CAFA,GUEST
USER_00E39AEFBE,GUEST
USER_00662BA74E,GUEST
USER_00B78304DB,GUEST
USER_002943DC2D,GUEST
USER_00F9AA2963,GUEST
USER_0055B5F73D,GUEST
USER_00F16196BB,GUEST
USER_00177D2315,GUEST
USER_00012BB826,GUEST
USER_00A9711734,GUEST
USER_0054126574,GUEST
USER_00AC657A76,GUEST
USER_0067DB8E4F,GUEST
USER_004A7CD0A9,GUEST
USER_00A097432C,GUEST
USER_0032CA6208,GUEST
USER_00CA2516B1,GUEST
USER_00D44BB4F3,GUEST
USER_00B9AA43AD,GUEST
USER_00140B00E8,GUEST
USER_006B916B04,GUEST
USER_0054EA7841,GUEST
USER_00CB79E793,GUEST
USER_009BF9A1AD,GUEST
USER_007DAEE4EB,GUEST
USER_00E7C9E668,GUEST
USER_001DBC142B,GUEST
USER_007506DABD,GUEST
USER_00DC824C59,PREMIUM
USER_005B4EECE2,PREMIUM
USER_00E9406949,PREMIUM
USER_00BAA8A8B7,PREMIUM
USER_00328DDB9C,PREMIUM
USER_00F379C3DB,PREMIUM
USER_004ED21949,PREMIUM
USER_00C1B88001,PREMIUM
USER_008E8DE9B4,PREMIUM
USER_00C184FED6,PREMIUM
USER_00A9EAC800,PREMIUM
USER_00E489CC11,PREMIUM
USER_009A864CFC,PREMIUM
USER_0014CAB5CE,PREMIUM
USER_0013FCCD17,PREMIUM
USER_0003CBC097,PREMIUM
USER_00DB76F488,PREMIUM
USER_00DEDFDC2A,PREMIUM
USER_0063BDBDB6,PREMIUM
USER_000A2A94C7,PREMIUM
USER_00A59158A1,PREMIUM
USER_00EBF4E0E0,PREMIUM
USER_001F38F5AE,PREMIUM
USER_009A561A8E,PREMIUM
USER_00CFB87DFE,PREMIUM
USER_006D198F0B,PREMIUM
USER_0070878E6F,PREMIUM
USER_009D3761A3,PREMIUM
USER_006E96F740,PREMIUM
USER_0085643561,PREMIUM
USER_00DDC949F9,PREMIUM
USER_0014E19DEC,PREMIUM
USER_0026D4A23C,PREMIUM
USER_0040FAB5DB,PREMIUM
USER_0068CEF8C9,PREMIUM
USER_007A1A333B,PREMIUM
USER_00CD9E37F5,PREMIUM
USER_00A8E9E859,PREMIUM
USER_00B9343418,PREMIUM
USER_0044A156C3,PREMIUM
USER_009BE5CF01,PREMIUM
USER_00F91179B8,PREMIUM
USER_00CA46ADBF,PREMIUM
USER_007C9716C6,PREMIUM
USER_00979DE35B,PREMIUM
USER_0058F504B0,PREMIUM
USER_002A914684,PREMIUM
USER_0077C026AF,PREMIUM
USER_00782904E2,PREMIUM
USER_000C6CDF41,PREMIUM
USER_007EE543B4,PREMIUM
USER_00F53F04BC,PREMIUM
USER_0054AD6897,PREMIUM
USER_00AAF3D7C3,PREMIUM
USER_00A95FE6FA,PREMIUM
USER_004D45BE31,PREMIUM
USER_0031A42834,PREMIUM
USER_00404814AC,PREMIUM
USER_00C4CFC822,PREMIUM
USER_00D8B0EC6A,PREMIUM
USER_003B592858,PREMIUM
USER_00E897CE5B,PREMIUM
USER_0059D51F40,PREMIUM
USER_00B0684C1B,PREMIUM
USER_00EB815377,PREMIUM
USER_004F802988,PREMIUM
USER_00CF5E2AC6,PREMIUM
USER_00D209CBA9,PREMIUM
USER_0045274CCC,PREMIUM
USER_002AD5ACFD,PREMIUM
USER_00BA3EFB2B,PREMIUM
USER_00D99636B5,PREMIUM
USER_0067CE49F8,PREMIUM
USER_0015DF8A1D,PREMIUM
USER_00CB7F9669,PREMIUM
USER_003E83F313,PREMIUM
USER_0007643064,PREMIUM
USER_0029A21694,PREMIUM
USER_0030A3F16F,PREMIUM
USER_00ABB69C95,PREMIUM
USER_00906D2091,PREMIUM
USER_000510C851,PREMIUM
USER_001A8E1EFF,PREMIUM
USER_00808B759F,PREMIUM
USER_001571110D,PREMIUM
USER_006736F404,PREMIUM
USER_00210A4DA5,PREMIUM
USER_00A37DA990,PREMIUM
USER_00AF2263F1,PREMIUM
USER_009BD86810,PREMIUM
USER_00F46574BE,PREMIUM
USER_00C7F5F802,PREMIUM
USER_0070DD0B68,PREMIUM
USER_003676ABE2,PREMIUM
USER_00088C9D80,PREMIUM
USER_00732D125E,PREMIUM
USER_00CBB9458D,PREMIUM
USER_004F7529AB,PREMIUM
USER_00AA589DEF,PREMIUM
USER_009171BB01,PREMIUM
USER_0054138BF3,PREMIUM
USER_00E39E64A3,PREMIUM
USER_0030C80664,PREMIUM
USER_00D92AD420,PREMIUM
USER_00CDBB5105,PREMIUM
USER_00847D46B1,PREMIUM
USER_008E5A5639,PREMIUM
USER_00DB0DFAE7,PREMIUM
USER_005D475743,PREMIUM
USER_00FB1BAFD2,PREMIUM
USER_00380DC9BD,PREMIUM
USER_00D1E36657,PREMIUM
USER_000EC68373,PREMIUM
USER_000166064B,PREMIUM
USER_00479AB3CE,PREMIUM
USER_00A3D90CB3,PREMIUM
USER_007DB646FD,PREMIUM
USER_0041EA7E62,PREMIUM
USER_00DD9E4881,PREMIUM
USER_004DFDCABF,STANDARD
USER_00F7BFE830,STANDARD
USER_002D6B5B1C,STANDARD
USER_0027F6FBF1,STANDARD
USER_00D4F8C117,STANDARD
USER_00A1D0FA60,STANDARD
USER_003CF256E6,STANDARD
USER_006CA6F0AA,STANDARD
USER_007BAFC76E,STANDARD
USER_009D1610F6,STANDARD
USER_007FBE69A7,STANDARD
USER_00C9092739,STANDARD
USER_001B390CE5,STANDARD
USER_002F80AE2C,STANDARD
USER_0032B48E6E,STANDARD
USER_00D6D89A37,STANDARD
USER_002FEFF319,STANDARD
USER_002677B73F,STANDARD
USER_00097E73FE,STANDARD
USER_0053966515,STANDARD
USER_0061CF6410,STANDARD
USER_00B63A5DBE,STANDARD
USER_0051C50065,STANDARD
USER_0026F94E6B,STANDARD
USER_0040682F20,STANDARD
USER_00CE4686C7,STANDARD
USER_003A68A5D4,STANDARD
USER_003E36C3FA,STANDARD
USER_00EE314B83,STANDARD
USER_00FB0CE3E0,STANDARD
USER_003E336B12,STANDARD
USER_004FFD119A,STANDARD
USER_0061F0879D,STANDARD
USER_0075A61D42,STANDARD
USER_00F5B0514C,STANDARD
USER_0068A46668,STANDARD
USER_009959206C,STANDARD
USER_001DC5FCE9,STANDARD
USER_008BAB82A7,STANDARD
USER_0011D50AF6,STANDARD
USER_002270FA9F,STANDARD
USER_003546F7B4,STANDARD
USER_00DAD3F7F1,STANDARD
USER_005CDD04B1,STANDARD
USER_00EF6F532A,STANDARD
USER_00460FFD80,STANDARD
USER_00C5E20F2F,STANDARD
USER_002BF39C81,STANDARD
USER_002D441C9B,STANDARD
USER_008C12316D,STANDARD
USER_003D3C3930,STANDARD
USER_007CC4476A,STANDARD
USER_0028BFBAF9,STANDARD
USER_00DFCF435D,STANDARD
USER_00A51DD3F0,STANDARD
USER_0060EEA77D,STANDARD
USER_00A450B888,STANDARD
USER_00F17B5790,STANDARD
USER_00586EAAB4,STANDARD
USER_00BDBB30EC,STANDARD
USER_00A36D2954,STANDARD
USER_00A49A3691,STANDARD
USER_0020266CD7,STANDARD
USER_00858AF71B,STANDARD
USER_0024826F18,STANDARD
USER_0097B56A26,STANDARD
USER_00FCE90C45,STANDARD
USER_007EC61DFD,STANDARD
USER_008CF6138F,STANDARD
USER_0046896712,STANDARD
USER_00B312DBFA,STANDARD
USER_004DFCF49D,STANDARD
USER_006904EEE0,STANDARD
USER_00D821288A,STANDARD
USER_00AD21DDF1,STANDARD
USER_00DAA0DB43,STANDARD
USER_008CAA4F54,STANDARD
USER_00D6714BC2,STANDARD
USER_0081F5315B,STANDARD
USER_009FE53B6E,STANDARD
USER_00628587F3,STANDARD
USER_0083996C00,STANDARD
USER_0072289E30,STANDARD
USER_00B16E8D6B,STANDARD
USER_00DF982C59,STANDARD
USER_00098E985D,STANDARD
USER_002262D31E,STANDARD
USER_0012A3FD94,STANDARD
USER_007F8EA82F,STANDARD
USER_00E94BFD6B,STANDARD
USER_00A637C49A,STANDARD
USER_004C05D2EF,STANDARD
USER_00D89B5864,STANDARD
USER_00E33ACFF2,STANDARD
USER_00C2D377AE,STANDARD
USER_000F871CD0,STANDARD
USER_00A4A7F423,STANDARD
USER_00E238D926,STANDARD
USER_009CF12BB6,STANDARD
USER_00CC5A1FE7,STANDARD
USER_00D0920A73,STANDARD
USER_007392467C,STANDARD
USER_0028A49E4F,STANDARD
USER_0002FF9486,STANDARD
USER_002DED5EC1,STANDARD
USER_0070981839,STANDARD
USER_00FFDE7982,STANDARD
USER_005FC28DAB,STANDARD
USER_005F17972E,STANDARD
USER_0084C79A86,STANDARD
USER_0086C6CCBD,STANDARD
USER_007F66133F,STANDARD
USER_0034B3E3EA,STANDARD
USER_00C0F1C4AE,STANDARD
USER_00A5587EE1,STANDARD
USER_0051D0B565,STANDARD
USER_00ACD72F6F,STANDARD
USER_006ADEC422,STANDARD
USER_007E37F136,STANDARD
USER_00078D58AD,STANDARD
USER_00022BDDEF,STANDARD
USER_001EC55B29,STANDARD
USER_00F28968AF,STANDARD
USER_00FB100EF3,STANDARD
USER_001A42536E,STANDARD
USER_00065E48BD,STANDARD
USER_00DFB035D3,STANDARD
USER_0012477C53,STANDARD
USER_00F1185B63,STANDARD
USER_0092B8A9AC,VIP
USER_003C92F0B2,VIP
USER_0054808FAD,VIP
USER_00BC1FCB05,VIP
USER_009D917156,VIP
USER_00DCC53E45,VIP
USER_000BDBC4DA,VIP
USER_007C6349EF,VIP
USER_0086B96881,VIP
USER_00AC108C2D,VIP
USER_00913E425F,VIP
USER_008C35E351,VIP
USER_00C7939FA6,VIP
USER_008D27E333,VIP
USER_001BA829DE,VIP
USER_00037755D7,VIP
USER_00DFD5304A,VIP
USER_009DC22171,VIP
USER_000052489A,VIP
USER_00E1E7E14F,VIP
USER_00E5A3A403,VIP
USER_00950AF07F,VIP
USER_00959B6AC6,VIP
USER_00B8F54559,VIP
USER_003E82A2D2,VIP
USER_005B440C36,VIP
USER_00F52C52FD,VIP
USER_00A8F74014,VIP
USER_00BC9B9465,VIP
USER_00736A5349,VIP
USER_00020AA334,VIP
USER_00F803CC25,VIP
USER_0094809557,VIP
USER_00F74FF891,VIP
USER_00DE4EB593,VIP
USER_005ACE9EA5,VIP
USER_00DA5B34A5,VIP
USER_0043353C1B,VIP
USER_00936D8FD8,VIP
USER_00F3C648B8,VIP
USER_00F846DBFB,VIP
USER_00EC2957C4,VIP
USER_004293F439,VIP
USER_00D41757AE,VIP
USER_001B0ECC35,VIP
USER_0077EB63D2,VIP
USER_0004658486,VIP
USER_00B5C8F901,VIP
USER_008DAE3CCB,VIP
USER_0004294877,VIP
USER_0040B7F6A0,VIP
USER_0066EA3119,VIP
USER_0096C2433A,VIP
USER_0069CAB243,VIP
USER_006AAC6799,VIP
USER_0037CF4CA8,VIP
USER_0042DCF25F,VIP
USER_001D7E8248,VIP
USER_0027BD006C,VIP
USER_0008A21589,VIP
USER_0067420A2F,VIP
USER_002BE9FC99,VIP
USER_00C195DBA6,VIP
USER_00E845F3AD,VIP
USER_0025FEAA54,VIP
USER_00B11D2E0B,VIP
USER_00847022F0,VIP
USER_004FE093B8,VIP
USER_00725B6C4C,VIP
USER_0071C6603B,VIP
USER_00BDD32255,VIP
USER_000DDF9F4C,VIP
USER_001CE283A6,VIP
USER_0099F8FFB2,VIP
USER_007796906D,VIP
USER_00E01D36A0,VIP
USER_00B4381701,VIP
USER_006A9A9B72,VIP
USER_005658C69B,VIP
USER_00101D6B3B,VIP
USER_002E767CE0,VIP
USER_00DEAC15B6,VIP
USER_00FEA077C8,VIP
USER_0007911120,VIP
USER_0088A3DD67,VIP
USER_00FFEA23BA,VIP
USER_008041A557,VIP
USER_0002D2E2F2,VIP
USER_00FCBF048D,VIP
USER_0008925875,VIP
USER_0036ACA68B,VIP
USER_00118C564C,VIP
USER_00A941DC68,VIP
USER_0005834B44,VIP
USER_0016458EDD,VIP
USER_001B459DBF,VIP
USER_007641A7C5,VIP
USER_00F97503BC,VIP
USER_00B08E29D6,VIP
USER_00A504826B,VIP
USER_00F57FCF16,VIP
USER_0055D9B19A,VIP
USER_00C075E03D,VIP
USER_0095901AA1,VIP
USER_00AD2E7F5F,VIP
USER_0044F857AA,VIP
USER_001DF12791,VIP
USER_00527DCB55,VIP
USER_004C8B5354,VIP
USER_004A92F4CD,VIP
USER_00024E3225,VIP
USER_00A714252D,VIP
USER_00599D0F45,VIP
USER_000D661CCD,VIP
USER_0056155527,VIP
USER_00B87B5504,VIP
USER_00236D9F53,VIP
USER_008F61235A,VIP
USER_0019633DD1,VIP
USER_0078F83856,VIP
USER_008E690B6D,VIP
USER_00C4D75094,VIP
USER_008BC116D7,VIP
USER_0051ECCAEC,VIP
USER_00B97D659B,VIP
USER_009699E925,VIP
USER_006F0B93FE,VIP
USER_005BDEFE52,VIP